tweet,class_a,class_a_code,PredictedProb
'whoisq wherestheserver dumpnike declasfisa democrats support antifa muslim brotherhood ms isis pedophilia child trafficking taxpayer funded abortions election fraud sedition treason lockthemallup wwgwga qanon',OFF,1,0.5584356
'constitutionday revered conservatives hated progressivessocialistdemocrats want change',NOT,0,0.18123046
'foxnews nra maga potus trump ndamendment rnc usmc veterans fakereporting theswamp dnc liberals fakeoutrage first reduces ca',NOT,0,0.25144726
'watching boomer getting news still parole always makes smile wentworth finale treasure',NOT,0,0.18530257
'nopasaran unity demo oppose farright london antifa oct enough enough',OFF,1,0.32343233
'fuck time',OFF,1,0.8030129
'rap form art used express freely gv green light excuse behavior acting like animal streets bx violence way living elevate boo get level longevity queen',NOT,0,0.59291726
'get feeling kissing behind humiliate later',OFF,1,0.1884026
'tips enhance audience connection facebook socialmedia smm',NOT,0,0.30105236
'biggbosstamil janani task going first final list',NOT,0,0.22344555
'conservatives party low taxation tories tory',NOT,0,0.34706694
'nord cannot make single move fully aware happening chill comes spine ghostly rather calm female voice called corner room even time attempt response',NOT,0,0.68590486
'constoo place fed conservatives',NOT,0,0.27139595
'greatawakening qanon patriotsunited wwgwga areyouawake awake see clearly check video',NOT,0,0.21888262
'nigga ware da hits',OFF,1,0.30105236
'stopkavanaugh liar like rest gop',OFF,1,0.7848504
'dayspromo week september th days dool coma things gal sami going ok hattie thanks get finishes hattie pretends marlena look kayla face priceless',NOT,0,0.28767443
'biggbosstelugu lets include tweetshe business head star maa networkdont know knows biggboss team host hurting audience emotions biggbosstelugu',NOT,0,0.5370099
'dallaspolicewoman kills neighbor apartment went wrong seeofficer shot man apartment involved shooting suspect devastatedsaid dallas police officer adds sorry family',NOT,0,0.36785117
'always smack',NOT,0,0.2589884
'breaking weeklong trial linn county jury convicted gregory davis firstdegree murder connection carrie davis homicide took place almost year ago',NOT,0,0.32515326
'kavanaugh wild claim years ago groping evolved rape violent sexual event move soros based org supports blm antifa etc unbeievable',NOT,0,0.2783925
'kznlt enjouji really prototype character brand nothing things love rolled one horrible package fed directly baby mes subconscious',NOT,0,0.20384707
'silsilabadallterishtonka tag filled appreciation never watched serial always wanted appreciation aditi underrated since starting show worth appreciation',NOT,0,0.2425709
'beto betoforsenate betoorourke betofortx willie nelson laughs conservatives upset',NOT,0,0.20606261
'hiac damn matt hardy randy orton put one hell cell match woooo hope okay',NOT,0,0.7205925
'school shootings arent controversial wanting gun control',NOT,0,0.33058974
'put delauro police lineup identifying bag lady would picked everytime proof either conn voters incompetent vote part vast voter fraud conspiracy one votes woman gross',OFF,1,0.4094567
'coffee spit spartacus moment never saw film',NOT,0,0.30051225
'familyfriends tell bad shit bfgf go right back',OFF,1,0.7953876
'christineblaseyford kavanaugh accuser liberals try every time confirmjudgekavanaugh',OFF,1,0.46217856
'fellow democrats dont want well whats best america purely politics dov hikind democratic ny assemblyman',NOT,0,0.3659744
'osho quotes via listen continuously giving hints still small voice shout true little silent start feeling way person never try',NOT,0,0.19927496
'yyc looking hockey players agesabilities humboldt tribute game sunday arrive pm dress participate opening ceremony contact lindsayclothier interested weplayforthem humboldtstrong hockeyisfamily gonucks',NOT,0,0.24839756
'conservatives brexit putting britain last sending chill spine uk',NOT,0,0.13744496
'gamers go follow twitter twitch playing blackops blackout please help support twitter twitch remember supportforsupport supportallstreamers',NOT,0,0.18556364
'quicktip find people already working company within industry interested know lot people send us resume info message us right',NOT,0,0.36555615
'liberallogic liberals get way',NOT,0,0.3201232
'arianaasesina serious holy shit please fucking assholes dont blame someone death one sad enough today dont see isnt fault none overdose died end stop wanting someone blame fuckers',OFF,1,0.6125073
'hiding ugly personality worst',OFF,1,0.30105236
'bitch',OFF,1,0.30105236
'georgetown classmate says left accuser absolutely nuts judge kavanaugh abc cbs democrats liberals women mondaymotivation mondaymorning veterans law maga gop cnn msnbc nbc moms blackwomen bet',NOT,0,0.7949963
'referring lollygag gun control kids get slaughtered schools',NOT,0,0.54851073
'im shocked learn human traffickers guns probably illegal ca needs gun control dont worry actual crime pic black guns worse',OFF,1,0.7513116
'weloveseungcheol happy proud work done train seventeen along members see wonderful incredible really love u',NOT,0,0.1696722
'chequers violation democracy standupbrexit people must respected',NOT,0,0.34967726
'sessions tells chicago want shootings death listen aclu antifa blacklivesmatter',NOT,0,0.30890933
'conservatives youre clown',OFF,1,0.3942209
'voice head transfer money credit card bullshit bought pay',OFF,1,0.60957485
'levi strauss never afraid take unpopular stand support greater good shut manufacturing america wasnt even news story happened maybe theyre right wasnt unpopular',NOT,0,0.5927655
'wedding clintons always know whats best',NOT,0,0.2166336
'kids beating paraplegic trump boy left teach children hate violence schools teachers democrats liberals walkaway moms mother nea teachthemyoung christian catholic jews evangelicals family blackwomen blacktwitter blacks news media disabled maga',OFF,1,0.7038208
'b j r b q b bx b rb z b q b h b h ut b',NOT,0,0.51881844
'askally say adore great person please take care always',NOT,0,0.2481271
'doj employee resisters r looking conservatives license plates home addresses legal details lexisnexis give dem socialistsantifaproject veritasbut dont worry govt history ever made political opponent lists oppressed',NOT,0,0.4191337
'kelly mcparland latest floorcrosser telling truths liberals dont like hearing',NOT,0,0.40239826
'greatawakening qanon patriotsunited wwgwga areyouawake awake see clearly check video',NOT,0,0.21888262
'boycottlevis since late levis used name resources attack gun rights company gave gun control group pax followed donation another',NOT,0,0.36923587
'fucking serious',NOT,0,0.7393685
'gets bitches',OFF,1,0.30105236
'got pretty deep debate friend told latinos trump blacks trump paid supporters said mean antifa paid domestic terrorist said antifascist said fascist kidding',NOT,0,0.8977141
'antifa take note protest civility socialism aka communism never win inherently evil unsustainable',OFF,1,0.27314478
'gmm roastmycat hi fiona weeks old falls asleep weird places',NOT,0,0.35385698
'omg real happened peru like years ago inti devaluated fucking much comoletely change coin system money worthless',OFF,1,0.76972944
'conservatism disagreements conservatives conservatives cant debate honestly integrity whatever gets thru today matters theyre fundamentally dishonest people',OFF,1,0.19608663
'halloween sign reading creepingup behind wood wall decoration tmtinsta cwsigns via',NOT,0,0.1453095
'huniachiweek matter going today past days situation never permanent god going change life good trust believe able please read',NOT,0,0.51426405
'point contention decided keep group top end talent also decided hire hot trash mike mccoy wilks hasnt even able get defense line correctly head',NOT,0,0.58017045
'yet everyone seems lack',NOT,0,0.36489993
'maga expect censorship',NOT,0,0.2903774
'apparently im committed going new level since used key well fuck curiosity killed cathy',OFF,1,0.8017651
'ne need check dentist find perfect work record child care facility check online kinds licensed professionals free',NOT,0,0.23739024
'arent many shootings virginia jacksonville shooter got guns maryland among poster children gun control good youre full crap',OFF,1,0.7999995
'amnestyinternational us violation international human rights law passing stronger guncontrol via',NOT,0,0.23814888
'well chuck schumers cousin niece something obviously part dnc conspiracy nixon part deep state zionist plot big comedy whatever hell todays conspiracy theory',NOT,0,0.41828334
'godspraiseroom god keeps even storms may rock boat lets submit one really knows end beginning',NOT,0,0.72552323
'spaldo guy godson',NOT,0,0.44549042
'antifa bedfellows democratic socialists america dsa jamesokeefe exposed inserted throughout government attempting bring america trump maga deepstate',OFF,1,0.31816626
'cnn ruthlessly continues fakenews onslot wheres honest analysis right tcot cnn nra massshooting cnnisfakenews conservatives fakenewsmedia fakenews pba fakenewscnn',NOT,0,0.18051393
'brexit barometer labour fails capitalise conservatives fail please kantar nearly two thirds uk believe government handling brexit negotations poorly',NOT,0,0.10894193
'antifa ts level influence scary',OFF,1,0.21965508
'three accounts two quasianonymous one completely anon twitter ever bans one quasianon ill make two anon accounts tweet insane shit drown twitter bullshit one banned ill make even',OFF,1,0.9448614
'maga alert joe biden trump supporters dregs society video via',NOT,0,0.18047372
'cerc boyds stock sole holder stock among hedge funds track',NOT,0,0.46034136
'city chicago democrat run strictest gun control nation whats point notthatbright',NOT,0,0.400536
'liberals pathetic innocent proven guilty mean much democrats look party need rapist hang kavanaughisinnocent walkawayfromdemocrats liberallies straight pitts hell',OFF,1,0.707668
'trump may many things entertaining thanks twitter',NOT,0,0.2021861
'million reallocated fema ice guy gives zero shits anyone named trump youre mid atlantic get',OFF,1,0.8097778
'fortnitebattleroyale xboxshare please ban cheating scum literally invisible',OFF,1,0.5779113
'read man invented bulbs saw failure differently new wayz differentlynow genius',NOT,0,0.14177243
'aunfettered repeal gun control laws government use people able well',NOT,0,0.13459939
'good thing responsible us marines im pretty sure group antifa members wouldnt running fast direction help anyone let alone elder seniors thank salute',NOT,0,0.19298276
'fordtheatre right cue gofundme acct set person new liberals mode bribery payoffs really investigate gofundme new outlet slush funds comey mccabe strzok',NOT,0,0.09387764
'christian twitter facebook silence conservatives christians next censored darkness takes help us grow living faith aloud go one go prayer warriors please help us grow movement',NOT,0,0.19645716
'ixine aus den speakern fick deine political correctness',NOT,0,0.34271473
'fall fashion trending coats colors looking airdrie calgary lethbridge toronto vancouver princegeorge',NOT,0,0.32687902
'republicans put wallin budgetyou going loose prestrump followers u r support',NOT,0,0.26297268
'gmm roastmycat hi fiona weeks old falls asleep weird places',NOT,0,0.35385698
'sesamestreet bertandernie conversation unattractive creator says didnt create character gay attacked',OFF,1,0.3281278
'serenawilliams full herselfshe painful watch listen',OFF,1,0.5318806
'colinkapernaeck done nothing sit ass complain time black people die hard white liberals think cause aka wake heck stfu colin civil rights hero martyr near',OFF,1,0.7404608
'danganronpav claiming mastermind yet still dont believe dont think hes mastermind evidence suggests theres evidence suggests hes',NOT,0,0.24135824
'monbebeselcaday beautiful',NOT,0,0.30105236
'lockhimupnow maga qanon best president ever',NOT,0,0.1621588
'goodbyenfl great players became marxists ill keep nixing sports league displays support bs oppression narrative goodbyenike',NOT,0,0.61932206
'liberals left democrats resist resistance antifa bluewave bluewave walkaway maga',NOT,0,0.5722687
'emailmarketing sales teach create exclusive online traffic economy never short leads sales',NOT,0,0.27820444
'jeff sessions listen aclu antifa black lives matter want chicago shootings',OFF,1,0.28686246
'amazon ship live christmas trees door stay put damn lights',OFF,1,0.6838816
'sweet congratulations house broken get better',NOT,0,0.19037439
'bet lot safer sex tho wouldnt one kids cant moms get dicked',OFF,1,0.5533924
'speaks nsfw',NOT,0,0.30105236
'jameycomey silent last weeks knows hes going indicted fbi doj strzok page textmessages qanon patriotsfight ty maga',NOT,0,0.40059367
'supernaturaltnt themanwhowouldbeking omg amazing crowley cas always great together miss',NOT,0,0.1455652
'available adoption lincoln county nc roger sex maleneutered age weeks old intake',NOT,0,0.6155622
'conservatives govt made life hell whistleblowers say threatened regulator thought govt promised protect whistleblowers',OFF,1,0.3025436
'apple live keynote appleevents',NOT,0,0.30316585
'zuckerberg lies',NOT,0,0.30105236
'lilduval know u aint going work tomorrow happyfriday smilebitch livingmybestlife hittemwithdashoulders',NOT,0,0.3053488
'antifahorst whuuuuut antifa maassen seehofer',NOT,0,0.21015532
'notetomystalker n empire trust penance life n career true nature leave stone unturned getting left nothing every one matter powerful',NOT,0,0.5211744
'freeleahshaibu negotiate release someones daughter',NOT,0,0.30105236
'serenawilliams serena caught cheating coach collaborative thinks thief mind real thief umpire spotted going called like couple bank robbers blaming guard calling police',NOT,0,0.73649174
'antifa retweet cant stop watching',NOT,0,0.31256965
'notout thank following leicester voteforchange localelections votetory voteconservative cutcrime cutredtape cuttaxes cutgrass betterserviceslowertaxes',NOT,0,0.17779757
'thingsyoushouldneverassume someone says shehe okay smile maybe heshe doesnt wanna worry',NOT,0,0.30611855
'repost getrepost love fooled mistakes made dark images hold remember beauty feel',NOT,0,0.16816512
'nick gehlfuss stan watched friends going stop tvtime',NOT,0,0.6677822
'seo tips master fate online wise dont expect pity screw nobody else blame',NOT,0,0.5528472
'fortnitebattleroyale xboxshare please ban cheating scum literally invisible',OFF,1,0.5779113
'maga qanon greatawakening inners wwgwga nowcomesthepain walkaway goodbyedemocrats ellison accuser says shes sidelined party',OFF,1,0.29625124
'truth show build personal online traffic economy never short supply qualified prospects sales',NOT,0,0.2710693
'gun control im wondering control bodies got suicided need controlled gitmo pain coming maga qanon benghazi hope televise demise',NOT,0,0.2361614
'antifa new cause',NOT,0,0.09298701
'balkan conservatives unite family congress moldova',NOT,0,0.19783789
'boycottnfl dead',OFF,1,0.30105236
'walkawayfromalldemocrats michelle years sure dont need bad advice new sheriff town whos maga get vote colors genders aka americans',OFF,1,0.16490757
'constitutionday enforce us immigration laws one set laws illegal aliens one set laws citizens trump maga rednationrising nodaca',NOT,0,0.51838803
'blaseyford comical liberals always want ways first women need treated equals comes ford testifying say unfair men asking questions dems women equal receive special treatment',OFF,1,0.41350985
'gun control kills people need concealed carry',NOT,0,0.42090577
'ted always feel appropriate public behavior often unable control gopdysfunction',OFF,1,0.28069258
'followthewhiterabbit qanon greatawakening spygate walkaway qanon qarmy maga google maga poland fisadeclassification dearprofessorford dem us senator corey booker molesting year old surfaces',NOT,0,0.37280592
'stick comedy werent funny yo start political commentary pathetic',OFF,1,0.37278083
'holder needed impeached',OFF,1,0.30105236
'wearebroncos little guy loves broncos one biggest fan beon',NOT,0,0.5130399
'bbcnews cleverly cuts nhs james cleverly conservatives coalition health spending',NOT,0,0.17509113
'cute hell love looks like antifa protestor really freezing cold hunter need dye hair omg loved redhead',NOT,0,0.38184533
'believeallwomen think things cant get dumber happens liberals probably dont realize children isnt equality treat women men pretty sure thatll better results culture',OFF,1,0.78278
'today two important days life day born day find mark twain',NOT,0,0.10064727
'theladybam spoken simply best spreadmarylove onward',NOT,0,0.1418011
'media credentials poc problem please send dm like tweet',NOT,0,0.4238698
'alert win progressive conservatives ontario court appeal granted stay bill cut number toronto city councillors',NOT,0,0.3247743
'sierraburgessisaloser phone dings',OFF,1,0.30105236
'metoo racist',OFF,1,0.30105236
'gop still acting like wimps havent yet realized liberals hate regardless sentiments either republicans stupid get way theyre tilted far left confirmkavanaughnow',OFF,1,0.88207066
'serenawilliams first mother womens tour embarrassingly entitled bully yes kim clijsters winning major year baby',NOT,0,0.19968154
'thearchers want brilliant karate kick shit everyone',OFF,1,0.9018011
'fed agency hijaked info fed agency extremist group secretly funded antifablmsoroscia',NOT,0,0.2385439
'baldwinfundraises k street firm working probono gun control lobby law tammybaldwin fundraiser',NOT,0,0.49896258
'aafiasiddiqui convicted terrorist widely hailed daughter pakistan',NOT,0,0.60602206
'dregsofsociety deplorables liberals usually dehumanize want exterminate later',OFF,1,0.2813464
'aldubloveandbeyond rise life friends know fall know friends',NOT,0,0.33485165
'gemini woman cannot change scene liable change cast',NOT,0,0.29477718
'wce favorite girl hope day awesome',NOT,0,0.16090408
'emmyawards ratings tank expected possibly stand watch many liberals one place one time',OFF,1,0.31405482
'cult like caps hmm else see cult like caps maga',NOT,0,0.56341845
'eagles setting workout jeremy maclin according cant week though still hurting',NOT,0,0.2325656
'lets friends civil discussion totally fine told face life sinful criticize ever lightly civil anymore deserves block',NOT,0,0.3178258
'gutierrez always nothing racebaiter',OFF,1,0.35130557
'disarmthem antifa give jack participation trophy',NOT,0,0.19078323
'cognitivedissonancechallenge one painful conservatives proceed caution',NOT,0,0.20169309
'chequers crashes burns strasbourg along mays hopes clinging powerher support ebbing away party parliament country time load webley',NOT,0,0.6197843
'johnfund kavanaugh ford controversy even honest liberals upset via',NOT,0,0.22605786
'elitist actors nbc liberals dems hollywood emmy awards toothless nbc selfpromotion onslaught peppered metoo cracks planned staged okay democrats socialist liberals left walkaway',OFF,1,0.5582319
'kellerman knows thing average man boxing brady hater say rodgers maybe better thrower ie dan marino better qb brady jut look playoff record',NOT,0,0.4429969
'drford dearprofessorford fraud female group paid organized georgesoros',OFF,1,0.40291414
'osaka says crowd noisy really didnt c going focus cuz great champ confused score went',NOT,0,0.39492586
'bluewave dumptrump give love cooperatecompromise w conservativestrump supporters constantly vilify marginalized groups constantly attack womens rights make choices bodies',OFF,1,0.30107695
'takes season opener saturday highlights',NOT,0,0.30105236
'ummmm fascism actually started mussolini italy antifa part anonymous anonymous censor like antifa related anonymous anti censorship',NOT,0,0.24094772
'nightmayor dt cycle track easily open antifa tennis courts inside crescent heights able trash nenshis communist vape shop',OFF,1,0.3624067
'mplspotlight met stefanie shes newest adult services librarian putting lot hours cleaning collections favorite find book unique homes see sure say hi monrolib',NOT,0,0.25218263
'arunjaitleystepdown shameless fm history india audacity shamelessness lies public disgrace post',OFF,1,0.8459522
'canadas liberal government rejects recommendation political parties comply privacy laws facebook cambridgeanalytica scandal',NOT,0,0.320213
'marry please roguebot',NOT,0,0.24133937
'conservatives bn housing ontrick crock shte housingcrisis',OFF,1,0.1789223
'weeks resp done still dont know shit ass still vacation mode',OFF,1,0.9659431
'nabjesus wont reject ucome homeward bound towards heavens kingdom open door',NOT,0,0.46422464
'nickelodeon kallysmashup angelsheartthe forceof characterof goddessand lightshinesas much like starshe maiareficco',NOT,0,0.46582222
'coupdetat spain catalona spain fakedemocracy cddr shameonspain wakeupeurope',OFF,1,0.30105236
'analysis supporters peoples party canada would likely bristle called liberal beliefs fit classic definition',NOT,0,0.54890156
'barbiedreamsvideo saw genius interview thank loving us much way love barbie beauty brains',NOT,0,0.13772486
'justiceforsoniasfather plz help sonia pain pti officials responding also getting trouble pmln goons plz help thanks',NOT,0,0.17999725
'ok eric holder talking gun control pulled times im going keep reposting everytime gets taken',NOT,0,0.5386212
'conservatives today',NOT,0,0.28668228
'liberals democrats use first step food preparation',NOT,0,0.33665037
'liberalismisamentaldisorder also danger country liberals showing utterly hateful care truth care power',OFF,1,0.7333665
'florencehurricane hours sustained lethal cyclonic forces hours impact northcarolina southcarolina georgia dont stupid get away areas florence sep pm nyc miami houston chicago nj ca la',NOT,0,0.85479355
'antifa uklabour fbpe sutr pay attention forbritain fighting',NOT,0,0.23561451
'expert ni blocks anyone challenges viewshe wants view heardhe obsessive love eu',NOT,0,0.40647742
'antifa demo memory killahp greece',NOT,0,0.1805494
'coranated attacks idiot loons get worse much worse election u imagine idiots want get rid economy along interest rates polished politician idiots',OFF,1,0.62535286
'awwww stinking cute old',OFF,1,0.30105236
'benghazi haiti uraniumone sethrich justice department need double standards youre rich powerful doesnt mean rob seal murder draintheswamp hillaryforprison votered maga',OFF,1,0.37340614
'blackeyedpeas tackle gun control social justice new song big love single highlights groups first album eight years masters sun',NOT,0,0.098676555
'censorship awake yet ask conservatives censored walkaway',NOT,0,0.15429169
'didnt beat like said looking delicious say clean bruised knuckles nobody talks woman wayexcept pulls lap want kiss make feel better tease',NOT,0,0.5325226
'jointhefight join fight american communists democrats liberals taken crap edge coming back openly promoting destruction america jointhefightagainstcommunism',OFF,1,0.64030063
'art artistsontwitter soul goodbusiness entrepreneur success excellence womaninbusiness mindblowing quotestoliveby gentle child universe less trees stars right max ehrmann',NOT,0,0.20462975
'icymi welcome anna grey barbour womens volleyball team anna terry sanford high school graduate studying dental hygiene college proud make trojan anna good luck season blackngold trojans',NOT,0,0.16422363
'biggbosstamil biggbosstamil biggbosstamil intha aishwarya va kuda manichirlam ana intha yashika biggest reason every fight bb house yet foolish people support tasks',NOT,0,0.47768098
'totallyblogging want know keep focus blogging easier said done start take look stop quitting ukbloggers fbloggers bbloggers lbloggers',NOT,0,0.74748987
'stated talk zionist involvement metaphysical masturbation disinformation agent taking advantage people lesser intellect ashamed hes hes zionel',OFF,1,0.16810298
'update new projections state hurricane florence may travel coastline entire ncsc coast possibly suffering florences deadly storm surge greatly increasing seriousness rainwind south carolina surrounding areas even possibly georgia',NOT,0,0.262707
'liberals like economics dont even know gender',NOT,0,0.65815544
'khaleesi kinda watching hiac wtf think person pffft pathetic',OFF,1,0.21459678
'females b shit',OFF,1,0.898901
'brexit uklabour labour conservatives plaidcymru greens politics eu poll',NOT,0,0.15964971
'breakingnews via nyt new york times',NOT,0,0.13042969
'hchottestceleb round match scarlett johansson vs emma stone poll',NOT,0,0.23989056
'sugardaddy retweet want daily usacanada uk sugarbabyneeded sugarbabywanted findom sugarbaby canada',NOT,0,0.19066276
'declassifydocuments love watching liberals like maria squirm outnumbered',OFF,1,0.33316004
'politicsinfocus look donald duck stop patronizing',OFF,1,0.4823782
'naturephotography nature birds wild wisconsin photography picoftheday pics fridaymotivation fridayfeeling instagramers hope amazing day',NOT,0,0.13030885
'carolineforbes needed help posted sl dm audition',NOT,0,0.22346252
'wcw mean hey great friend happy help missions anything else might need',NOT,0,0.21829492
'would offbalanced exactly smart basic grappling might instinct antifa used basic grappling cross side collar snap stepping weak single leg attempt',NOT,0,0.19543152
'cancer hate crime isnt actual crime theres victim called crime malum se hate crime socially engineered programming control peoples behavior like gun control changemymind',NOT,0,0.7655809
'carbontax works put tons money back canadian pockets part trudeau campaigning national carbon tax conservatives died want another death oblige',OFF,1,0.5706939
'antonia evans either sex trafficked cremated',OFF,1,0.5226211
'repost thesavoyshow getrepost markknight says racist drawing racist picture serenawilliams yall believe nah',NOT,0,0.8790304
'worrying thing teaching young adults',NOT,0,0.2723543
'walkaway democratsocialists socialists socialism resist communists antifa cult crazy insane mentalillness emptyheaded berniesanders venezuela trillion new taxes alexandriaocasiocortez ocasiocortez endorsementfail missvenezuala alexandria ocasio cortez',NOT,0,0.2568077
'theview stormy trapped dollar bill face poor pornstar worries democratic party leader',OFF,1,0.7135294
'proudalumnus keep great work dont forget great leadership take time soak skills aim teach',NOT,0,0.3511763
'wildcardwednesday maxdrivewildcardwednesday onairwithshine np happier ft maxdrive w radioenchantress',NOT,0,0.31198433
'deep end calls intervention',NOT,0,0.2756236
'cnbc whats go talk gender gap silicon valley wont talk gap conservatives emocrats bias',NOT,0,0.17331998
'million funding competition us cities thats nice',NOT,0,0.43186566
'chicom spy clubgitmo',NOT,0,0.30105236
'repost cant forget give props naomi osaka played idol someways win overshadowed humbled',NOT,0,0.2220893
'entertainment agencies gonna ass',OFF,1,0.8466685
'obviously getting suspended asset anyone',NOT,0,0.2809581
'trump really everything trump another piece evidence obstruction justice talking crime machine',OFF,1,0.6370199
'canada exclusive trudeau liberals leave meant help veterans unspent since taking office',NOT,0,0.17119713
'show us hot',NOT,0,0.3377382
'yet answer realistically enforceable gun control law would prevent tragedies without violating due process hipaa',NOT,0,0.30277032
'disarmthem goes show moronic antifa types good way encourage dumbass rightfully get speedrocked open carry users practice weapon retention gun grabs go badly try get shot dont',OFF,1,0.43954983
'maga got ideas could done',NOT,0,0.26690814
'christinebford liberalsaredesperate every time liberals dont get way cry racism sexual assault hard believe',OFF,1,0.7453056
'cant summarize rankings game mode one picture',NOT,0,0.26128113
'learn become better instead remaining stuck become bitter clifeclearly clifethryve aboutthatlife clifemacon',NOT,0,0.681852
'kamalaharris may run president never potus sadly guaranteed leadership role politics much like diannefeinstein thats reality liberal california ask nancypelosi chuckschumer cnn msnbc',NOT,0,0.5791455
'levi strauss never afraid take unpopular stand support greater good shut manufacturing america wasnt even news story happened maybe theyre right wasnt unpopular',NOT,0,0.5927655
'repost giving word jacket preach saynotofuckboys dontgiveyourmagictomuggles',NOT,0,0.19831154
'emmys sooo lovely love dress colour design looks like fairy tales tender',NOT,0,0.25894344
'change remember past administrations chant change change carried baton nothing potus making changes says far better like swampies liberals lefties hatin dont hatin',NOT,0,0.5576291
'open letter mac miller',NOT,0,0.30105236
'cincinnatienquirer steps gun control finally took massshhoting damn door step editors wake better late never',OFF,1,0.679605
'bitch im fucking coming back',OFF,1,0.69932395
'liberals reaching peak desperation call phillipruddock talk turnbull convince help wentworthvotes sept auspol lnp nswpol lnpmemes',OFF,1,0.2221742
'chicago stricter gun control doesnt work',NOT,0,0.20700617
'uicideboy halloween aboout get sooooo fucking spooky',OFF,1,0.8753639
'im glad always goes something reckless show going coming back everytime jeff best',NOT,0,0.1268683
'democrat controlled city strict gun control laws wants blame gop um isnt rich democrats trying keep blacks poverty walkaway',OFF,1,0.681024
'got love people making laws tend know nothing subject theyre making law hear gun control laws people try pass states',OFF,1,0.63284945
'cant hear saying',NOT,0,0.3605133
'penny believes intelligent knows willi think may smartest canadianever canadians fun watch get twitter us find anyone opinion like rushand hockey',NOT,0,0.57961565
'sandraohoh love brought parentsthey epitome grace beauty',NOT,0,0.19418988
'healingyourself connected healingothers',NOT,0,0.30105236
'christineblaseyford needs testify oath anything claims investigated far claims investigated comes word vs kavanaughs approved soon possible full stop maga qanon',NOT,0,0.68649817
'maga antifa website instructing hurt multiple police officers cross border',NOT,0,0.33305353
'nationaldayofencouragement encouragementdare therefore encourage one another build fact thessalonians scripture verse donate go websitelink bio call email donate community',NOT,0,0.2417346
'yearold bletchley park veteran helped defeat nazis im ready fight fascism',NOT,0,0.49787533
'walkawayfromcatholicism corrupt core become giant autocratic pedophile ring',OFF,1,0.6458275
'california patriots especially ca obamasoros attempting take house seat get control congress say tj cox shill candidate fronted dastardly duo please get vote david valadao house dist follow',OFF,1,0.22133508
'noshadenotea like community college parents still pick drop need get life together omg',NOT,0,0.39959168
'takes nigga name bio',OFF,1,0.4565339
'exactly bc slick woods unconventional look shes yea aint attractive us shit dont matter lol',NOT,0,0.8432779
'arrestgeorgesoros funds domesticterrorists antifa',OFF,1,0.15417182
'interesting gone kind background check similar fbi background checks judgekavanaugh',NOT,0,0.2752178
'conservatives govt run debt spite austerity cuts rich doubled wealth inequality via',OFF,1,0.15695675
'crowderconfronts continues expose sjw bullies paper tigers conservatives fight back truth facts dontbeafraid confrontwithtruth',OFF,1,0.1717254
'x fun yall',NOT,0,0.30702668
'antifa comrades miss nuance lot dont still people know white nationalist thats specific community uses white supremacist rhetoric employed wns gives dangerous company',NOT,0,0.7077458
'beckylynch beautiful one women wrestling absolutely need work done shes absolutely beautiful way doesnt need giant boobs fake booty simply amazing hiac',NOT,0,0.18547067
'gun control nothing people control left wants gun control want us little guys armed able defend makes harder get us behind barbedwire fences saw north korea',NOT,0,0.28723168
'alert win progressive conservatives ontario court appeal granted stay bill cut number toronto city councillors',NOT,0,0.3247743
'amazonppwwmurder food porn northwest cozy mystery dianne harmanends',NOT,0,0.30105236
'wcw wce special day week really miss im looking forward see soon dont forget love love heart heart',NOT,0,0.21036747
'barbiedreamsvideo love fux even roman feel likeyou roman actin like nicki dimelo papi papi',NOT,0,0.3274476
'martina navratilova serenawilliams got wrong via always really liked respected martina voice reason',NOT,0,0.2702268
'bodyguard far fetched alive impossible think budd worse enemy signs split personality uncertain todays episode place',NOT,0,0.50921065
'bookreviewer meet ronaldo secondyear student reindeer flying academy way breaking speed record flying contest stumbles upon mystery perplexes thoughts thanks tus mglit',NOT,0,0.13743024
'backto onevoice swomen sbornwomen took six years pensions agree need pensions back',NOT,0,0.14013405
'maine need face facts doesnt really represent anymore playing game says undecided kavanaugh know going vote confirm time dump susan collins',NOT,0,0.23836592
'twitter stop right head twitch listen amazing friend grendy plays hatofulboyfriend voiceactor making supportsmallstreamers',NOT,0,0.18216065
'biggbosstelugu many kaushalarmy cum fans',OFF,1,0.30090755
'conservatives tells philip hammond slash taxes rich corporations regulations less workers environmental protection theres nodeal brexit tory brexitshambles smallstate via',NOT,0,0.04417276
'yehundinonkibaathai naina talks educating girl making responsible also make play sports bang girl ps shoes jealous face though burning',NOT,0,0.64872557
'daysofsoloharry glad fan someone whos trying change world kind people allystands womens rights donates different causes stands gun control someone whos successful still continues humble',NOT,0,0.37852895
'castingcallshow fantastic first didnt think going like finalists shows ended loving ultimately voted amazing business opportunity anna ladd funny really want hear',NOT,0,0.30255058
'brexitshambles thursdaythoughts eu news lets avoid future bordercontrol queues givepeasachance',NOT,0,0.26336038
'democrats yet hear one righteous democrats attack insist ellison resign accused assault heard call cory spartacus booker resign admitted sexual assault stink liberals',NOT,0,0.7981894
'obasrants band dont covers missing good quality audience engagement look link',NOT,0,0.31713155
'lisaxmichaelkors sooo talented love hr much',NOT,0,0.19418988
'hurricaneflorence good sporting pinhole eye strengthening',NOT,0,0.27303734
'son knockin fuckin park',OFF,1,0.30105236
'okay anybody go eredivise score goals shit league bundesliga teams competitive euro competitions mexico hasnt produced talent like pulisic long time okay maybe guys one day',OFF,1,0.58000743
'kalyani stupid teenager totally despise atrocities towards aunty anupriya blames moms death stop listen anupriya side story makes vile accusation tujhsehairaabta zeetvserials',OFF,1,0.8419994
'kalyani stupid teenager totally despise atrocities towards aunty anupriya blames moms death stop listen anupriya side story makes vile accusation tujhsehairaabta zeetvserials',OFF,1,0.8419994
'seems thats terrorist attack probably isantifa still id look wants get strawberries market completing form',NOT,0,0.5466392
'christian america go trumps example liberals support open borders guess conservatives support school shootings please explain makes america great',OFF,1,0.2717747
'disingenuous person senate senator would hide shame despicable behavior scotus hearings',OFF,1,0.5362228
'democrats liberals threatened armed nazis talk disarmament disconnection military lifestyle broadcast armory killskills rightfuckingnow',OFF,1,0.30841807
'wanted tell hang think itll fun also lmao dick tongue people easily suck haha kidding aside aint want tongue dick looks hella weird choice weird whatever',OFF,1,0.3530567
'parikshitsolutions security incidents rarely emerge fully formed flashing lights alert see youre prepared testing skills following scenario',NOT,0,0.40648907
'nbc msnbc held accountable inflammatory remakes calling leftist fight',NOT,0,0.48484862
'proven fact gun control doesnt work look chicago dont worry others records lets talk selling uranium russia million russia',NOT,0,0.18755351
'boycottlevistrauss levi strauss teams gun control group simply cannot stand silently',NOT,0,0.21929534
'analysis supporters peoples party canada would likely bristle called liberal beliefs fit classic definition donpittis',NOT,0,0.54890156
'definitely tad high puerto rico democrats provide proof providing names locations next kin shouldnt hard hope dont mind holding breath via',NOT,0,0.15525801
'pickett individual needs part team hes bit loner within family bowtruckles feels bit bullied attachment issues also incredibly agile great value teachers parents atypical',NOT,0,0.31867522
'avalanche im sorry see love asshole know maga',OFF,1,0.19987966
'ff alien future',OFF,1,0.30105236
'creampuffs hollsteinforever quick reminder im giveaway anyone attending clexaconlondon interested attending natashas improv workshop dm reply put draw free ticket entries close midnight gmt',NOT,0,0.31688052
'familiarwife jhomg crazy wjwaityes interested assistant manager cha bhyou guys look like good pair voare sit jhdont wjlets live life lets newscollision hwy congestion jhwoojin',OFF,1,0.5797436
'broncos hc vance joseph phillip lindsay good football player running back',NOT,0,0.12328432
'celineswittins follback erzajullian openfolbackcelineswittins',NOT,0,0.30105236
'restorehumanity antifa september stop fascist nvu amsterdam ht',NOT,0,0.7721781
'bronconation broncos broncosvsseahawks broncoscountry crue excited win enjoying cupcake go broncos',NOT,0,0.24487102
'thingsdarthvaderwouldneversay yup white mask privilege finest always trying keep black mask blacklivesmatter qanon antifa alexjones infowars starwars maytheforcebewithyou thirdshiftzombies podcast radio whitesupremacy',OFF,1,0.32137156
'hair pink',NOT,0,0.30105236
'im saying cool feel type way speak fuck',OFF,1,0.6885317
'cuckservative traitors worse fortnite players conservatives triggerwarningradio',OFF,1,0.3622826
'barbara boxer liberals want use rape political tactic better hard evidence word isnt evidence called hearsay note could say cornered bathroom put hands years ago prove wrong',OFF,1,0.23078679
'gun control doesnt stop kids people getting murdered guns chicago gun control decades multiple shootings every week',NOT,0,0.67781407
'selfcareseptember making difference',NOT,0,0.2373393
'fauxprogressives ive done corruptdemocrats years heres proof ocasiocortez endorses cuomo cuomo flips progressives via liberals corybooker ocasiocortez',NOT,0,0.2713128
'constitutionday odd alt right conservatives say ruining constitution want guncontrolnow ones ruining constitution getting upset foreigners coming land white wanting live',OFF,1,0.2896602
'coercedintoxication staring favorite im feeling effects feel vulnerable forcedintox coercedintox femdom findom',NOT,0,0.20928793
'andrewscheer wants support canadiancoalitionforfirearmsrights seeking weakened guncontrol cpc compromised canadians safety enough votes diluting controls many lives lost conservatives care cdnpoli via',NOT,0,0.38013002
'ready sit watch indakurate passcott play football',NOT,0,0.26577914
'eric stallwell democrat calishould worry fixing state instead trying muster sympathy liar prof hunt fox news see liberals fox balanced gives sides',NOT,0,0.6862952
'sukhduasamajtheprayinghands sc also added person surgically changes hisher sex entitled changed sex cannot discriminated',NOT,0,0.73579085
'florence list hurricane florence feeds trump maga central va great summary impacts blacksburg national weather service severity goes overnight vawx',NOT,0,0.30861098
'dicks',NOT,0,0.30105236
'liberallogic kavanaugh looks predatory therefore hes guilty liberals dangerous people govern anyone anything',OFF,1,0.6572867
'ishqbaaaz let join cast must shot scenes jiffy going vacay nothing groupbaazi shivika focus groupbaazi consists couples shivika scenes toh clip mein nehi thi',NOT,0,0.4459516
'children mixed genderstudies crap socialism yeah like see one coming mega mbga maga mcga conservatives patriots protectchildren',NOT,0,0.27387953
'lockthemallup strzok mccabe caught destroying evidence leaving fbi draintheswamp drainthedeepstate maga',NOT,0,0.25364175
'breaking greece molotov cocktails fly protest honouring killed antifa arti via',OFF,1,0.13881336
'orrinhatch cant believe sexist clueless old fart gets weigh another womans charges supreme court nominee spouting old nasty shit spewed years ago anita hill times good riddance neanderthal',OFF,1,0.794183
'brettkavanaugh social issues one justice kennedy areas growing daylight conservatives example area administrative state incl epa',NOT,0,0.10250437
'chicago democraticpartystronghold highlydiversepopulation guncontrollaws large radicalleftestablishment obamas continental usa base lived many years think horrified news',NOT,0,0.22631527
'nowplaying arise good william murphy chronicleschristianradio ccradioco',NOT,0,0.27303734
'people disguised good guys wearing black concern bystanders shot fbi antifa vegas shooting',NOT,0,0.256641
'part didnt think hard come gabriel theyre lizard themed glitter bombing antifa mech pilot using superhero powers take corrupt logging companies theyre buff lesbian hearts uniform literally whats love',OFF,1,0.7248239
'saynotoshiasunnifight muslim muslim shia sunni',NOT,0,0.65621024
'anybody else wake tired put cologne toothbrush morning',NOT,0,0.31222558
'aiatraveltips always monitor luggage airport leave luggage unattended accept unopened packages tips travel explore aia aircraft airport caribbean destination travelling connect traveltheworld adventure adventures luggage',NOT,0,0.22396725
'always good day get new member site',NOT,0,0.09791029
'repost theleadersmindset hola leaders type ready ready follow steps set goals stay quiet smash shit clap damn',OFF,1,0.90753233
'antifa attacked cops arrested rally denver media blackout',NOT,0,0.1881367
'always bond dani minogue target pants',NOT,0,0.24997626
'st century hit dont cha pussycat dolls feat busta rhymes',NOT,0,0.5598159
'realsmart answer step realsmart journey course offered ubc behalf real estate council bc correspondence registered set take realsmart course',NOT,0,0.37750494
'vt back first time since year pole win vermont updates',NOT,0,0.102633275
'another one bite dust',NOT,0,0.40410227
'liberals democrats stand walkaway',OFF,1,0.5283577
'beeto demonstrated lose election texas maga rkba dvc',OFF,1,0.21388923
'bitch thinking niggas money tf dont',OFF,1,0.32664108
'extremely back bullshit',OFF,1,0.23958112
'killshot easily shows ya rap god hail',NOT,0,0.59817994
'cnn analyst dems seeking another fbi investigation dont want politicians telling investigators sitroom thelead outfront ac npr pbsnews pbsnewshour tcot tlot maga sgp nyc boston baltimore cleveland chicago milwaukee',NOT,0,0.19258009
'democrat baldwin fundraises k street firm working probono gun control lobby walkaway via',NOT,0,0.19343449
'fucking years mytwitteranniversary',OFF,1,0.6319617
'dems disgusting believe women accuse conservatives abuse crimes liberals accused ignore accusations',OFF,1,0.81763554
'np idpsa leaving commercial hearfdr',NOT,0,0.30105236
'crew eminence front puton msm falls fake issue props political hacktivists experts tcot emoluments conservatives emolumentsclause law lawyer mediawatch fakenewsalert fakenews mediabias',NOT,0,0.28160462
'authorconfession day tree mcs favorite tried ask lisette responded tree flowers dont know wont give straight answer usually shes difficult suspect teasing',NOT,0,0.29891253
'nattyanplaying aozora train sishshe high',NOT,0,0.30105236
'christineblaseyford harassed members antifa radical arm democratic party funded george soros voteredtosaveamerica',OFF,1,0.29909572
'antifa excellent idea',NOT,0,0.1805494
'iou project demonstrated quality whitepaper icoinvestor im strongly recommend explore rate please ico crypto tokensale',NOT,0,0.19692993
'blocktwitterads twitter stops shadow banning conservatives',NOT,0,0.19163847
'kavanaughconfirmationhearings tuesdaythoughts women support kavenaugh fill hearing gallery pack full disruptive liberals cant get stand unison kavanaugh testifies solidarity cc',NOT,0,0.5063266
'sure guys call authoritarian left include gun control groups left',NOT,0,0.5375895
'baekhyun exo x mlb fw',NOT,0,0.30105236
'cent calls joe buddens bullshit instagram',OFF,1,0.55685765
'potus realdonaldtrump gop lpnational thedemocrats qanon blacklivesmatter antifa isis davos california foxnews cnn wsj nyse wakeupamerica maga mypatriotsupply need',NOT,0,0.25374568
'naomiosaka folks usopen future adorable talented',NOT,0,0.38604653
'city chicago democrat run strictest gun control nation white supremacists running office republicans via',NOT,0,0.5694439
'callthevotealready democrats game conservatives fight way life end game game sessions please job ashamed allowed happen pray like never',NOT,0,0.5074055
'maga sounds fair',NOT,0,0.30458707
'jiyoonfact huge fan beyonce wants sing well sang boy predebut',NOT,0,0.31298086
'conservatives know everything rejected eu british people tory mps need step shes failed brexit domestic agenda maymustgo chuckchequers',NOT,0,0.17885277
'muskokalakes mayoralty candidate terry ledger says running mayoral campaign via social media say speaks volumes kind behindcloseddoors mayor plans say muskoka give us opinion',NOT,0,0.19850795
'greatawakening qanon patriotsunited wwgwga areyouawake awake see clearly check video',NOT,0,0.21888262
'million buyout could easily go cable news thats path chooses good',NOT,0,0.35683122
'bb actually question people want jc win angela way meaner says n word repeatly makes fun eating disorders sexually harasses houseguestsshe much underdog win dont use excuse bb tangela',OFF,1,0.20469038
'newvideo sex toys anyone',NOT,0,0.56649333
'bestwaytoawomansheart wake napping',NOT,0,0.30105236
'surprised starts top karma bitch watch',OFF,1,0.84184617
'sure send lefts antifa thugs',NOT,0,0.18741968
'notetomystalker n empire remember one thing may incumbent central govt india nature life ancestors parents lived true nature get trapping nature trapping time tell',NOT,0,0.32433528
'alright let get right god bc mother nature like fuck humans',OFF,1,0.8762396
'farticus maybe',NOT,0,0.30105236
'hillary least angrydemocrats worldwarq wwgwga maga redtsunami americafirst walkaway truth',OFF,1,0.26939383
'codetrainqueens rachel joined codetrain helped organize codetrain app developer bootcamp trained front end developer currently community manager ardent advocate digital skills youth especially women keep shining rachel',NOT,0,0.55755216
'moviefightslive thinking know',NOT,0,0.27611884
'boycottlevistrauss supporting leftist gun control orgs',NOT,0,0.418026
'youaremyidol idols bois thatll never changeyouve taught alot continue teach things help difficult little big things life thankyou bbs',NOT,0,0.42909116
'antifa recruiting designated terrorist organization',OFF,1,0.3802685
'hypocrites democratshateamerica liberalismisamentaldisorder everything liberals touch turns absolute shit',OFF,1,0.8857858
'nationaldayofencouragement twitterfamily youre amazing way',NOT,0,0.22497845
'happyrmday bought pizza chocolates enough money cake plan make tradition buy pizza birthday loved ones even acquainted never meet still close person thank luv u',NOT,0,0.111056
'republicans put wallin budgetyou going loose prestrump followers u r support',NOT,0,0.26297268
'liberals pushing gayagenda republicans pushing zionistagenda',NOT,0,0.51594776
'vaquitamarina savethevaquita less vaquitas left extinguishing please help voicel',NOT,0,0.16815677
'said media money soros dip shit waters creating civil war',OFF,1,0.8361714
'liberals dept agriculture paid presenter shoot bio security video auspol lnp nswpol springst qldpol lnpmemes lnpwaste',NOT,0,0.4611764
'texas ted cruz campaign sending people solicitations disguised official looking county summons elderly residents confused notice appear skeezy',OFF,1,0.29650295
'success health show best way create exclusive online traffic economy never short qualified prospects sales',NOT,0,0.13074654
'lemme guess gun control didnt anyone talk im canadian even know whyme',NOT,0,0.45105508
'really dont care shes married black man clueless real problems black people facing america today',NOT,0,0.7070502
'tf saw shit',OFF,1,0.8943268
'fakenewsmedia enemyofthepeople want control minds controlling information get get stamendment may protect elitist propaganda legitimize make palatable engaged public',NOT,0,0.464654
'anyone finds mnetas behavior funny fuck die',OFF,1,0.8472746
'goodmorningamerica tuesdaymotivation thankyou fathergod americanpeople begin see truth governmentcorruption mediacorruption noredaction declassifyfisa declassification completely obama hillaryclinton lies leakers liberals',OFF,1,0.46763396
'stopthebias redcensorship account suspended apparently promoting hate speech yet antifa terrorist organizations actively running since customer service refuses reply emails care explain makes sense',NOT,0,0.3935831
'bepannaah bepannaah hands bepannaah tops list adhiyal aditya trying convince ziddi zoya love giving us lots',NOT,0,0.1841333
'difference stated inane asinine comment solidified bring facts truth lies bullshit present single shred credible evidence support single thing youve said lies youve got',OFF,1,0.7414605
'damn felt shit loud lol',OFF,1,0.89423954
'myprotege k master teacher excited report proud owner supporter products made bravo usopen',NOT,0,0.11289892
'tsk stays drop foto han jisung dong please',NOT,0,0.30105236
'years ago today taylor swift released smash hit love story quote tweet telling moment first heard song yearsoflovestory',NOT,0,0.06887728
'msnbc hardball bingo absolutely correct cannot bring president obama cant get president obama humiliated white house correspondents dinner guarantee definite driver hate president obama',OFF,1,0.796515
'yes supposed believe kavanaugh seemed heavy drinker high school perfect memory everything mixed blame victim equivocatingmisrepresenting believed stopkavanaugh',NOT,0,0.41422787
'cnnisfakenews wonder ratings suck cnnisajoke fakenews maga',OFF,1,0.73676044
'liberals lying nothing new claim track meet emissions targets false auspol lnp nswpol springst qldpol wapol lnpmemes',NOT,0,0.66304886
'chefs need new pans find looking stock top brands beka chef mauviel woll chef restaurants',NOT,0,0.19785294
'boycottthenfl particularly',NOT,0,0.30105236
'b album definitely worth fucking wait',OFF,1,0.8786893
'days bbc radio festival day decide tell us headline act isnt coming anymore thanks lot ive paid fortune see tonne acts shit interest',NOT,0,0.805831
'joescarborough vile excuse journalist criticizing trump yet refuses come clean death intern office stop talking everyone else start talking involvement loriklausutis',OFF,1,0.8275558
'fans happy spreads love learned appreciate support lgbtq love never failed make happy love harry styles harry styles best',NOT,0,0.09339361
'aint nobody shit ask including',OFF,1,0.8948708
'power lessons certain testimonies comes rest comes strength wicked removed major vacuum life whether aware attracting mockery september remember day',NOT,0,0.17751239
'long jamule',NOT,0,0.30105236
'missing imelda algiers last seen pm sunday tall weighs pounds white hair unknown imelda wearing imelda diagnosed alzheimers disease westbend',NOT,0,0.4300981
'myuniqueheritage get irish dad side family since last name irish cause im proud irish',NOT,0,0.2995056
'travel movies unix fortune combined visit salisbury see sights wherever go old travel international spy find centre vast international conspiracy return home recall recall recall',NOT,0,0.3752481
'saveshadowhunters malecforever read mansikkas latest cause awesome',NOT,0,0.3255523
'well spentpanthersdouch',NOT,0,0.18203986
'dregs society labelingand dehumanizing conservativesi suggestwe conservatives keep ammo dry guns loadedif fascist liberal left think conservatives go quietly internment camps slaughtered streets need reality check',OFF,1,0.70590776
'sonntagsfrhstck deutschland hand drawn world teapots perfect addition breakfast table matter world',NOT,0,0.23188706
'themanynotthefew need country recognises everyone society pick sod rest like austeritity working class people need rely rich got richer backs poor dont let tories carry',NOT,0,0.7033726
'killary stricter gun control work looking chicago strictest gun control laws country seems problems shootings nearly everyday please explain',NOT,0,0.43751305
'brexit dead eu states wont cooperate conservatives viable plan keep alive must new vote carry playing central role eu buried brexit',NOT,0,0.13053419
'feinstein cant say anything truthful loers liar',OFF,1,0.28205156
'boycottlevistrauss levi strauss took public stance second amendment singled proa customers read levis antigun initiatives',NOT,0,0.21411733
'lifeisbutepu sex anytime want single',OFF,1,0.47529685
'wfmmc talented team prestigious project excellent project promote big market projects wfmmc ico ekolong sripuptruzman',NOT,0,0.36362886
'celebrations germany germans yeah kind expected happen across western world securityfears maga mega mbga mcga conservatives patriots',NOT,0,0.28234884
'clinton monsantobayer bigpharma roundup glyphosate gmos age progressives demand full transparency issues matter immigration gay marriage gun control hillary wrong side',NOT,0,0.6058521
'sheriff wayne ivey cspoa yes seems hes well',NOT,0,0.22079065
'ccot one leading conservative hashtags get tweet read add ccot christian conservatives twitter christians conservatives libertarians evangelicals catholics charismatics nondenominatinal spiritfilled tlot tcot hannity teaparty maga trumptrain',NOT,0,0.075912036
'nigeria naija ja incompetent leader nigerias history atiku blasts buhari championnewsng via',OFF,1,0.26625428
'nowplaying death cab cutie tourist codes keys',NOT,0,0.5869618
'emmys well excrackheads liberals democrats',OFF,1,0.27445492
'conservatives outraged theyknownothing especially',NOT,0,0.28668228
'girl talented best friend ethan brought us together please notice talent please',NOT,0,0.17065163
'pm temp dew pt barometer inches rain wind mph hi pm low',NOT,0,0.30105236
'conservatives vote vote vote take two friends polls midterms nov nocomplacency',NOT,0,0.24407837
'diversity works joining new group want part team islam hates every nonmuslim fail unicorns',OFF,1,0.11070486
'set makes realize much taller cant reach kissss',NOT,0,0.38322914
'want shootings death listen aclu black lives matter antifa want public safety listen police professionals studying years ag jeff sessions',NOT,0,0.23008047
'want kick twitterfuck ass',OFF,1,0.80430305
'menfesswglca dremiest dream come true ever',NOT,0,0.20120074
'faileddemfeinstein quit decades ago disgrace feinstein blames gop kavanaugh accuser stays mum admits cant say everythings truthful',OFF,1,0.30696917
'cheeringthechutiyapa womanlol',NOT,0,0.30105236
'really gop hasnt even seen letter yet sham subtle banana pool table wont cant see difi throws hail mary th hour cry foul elast ford wont antifa coming burn house dems going hard',NOT,0,0.28622153
'fascism also liberals antifa according meme',OFF,1,0.24691679
'ripmacmiller loved',NOT,0,0.30105236
'creagboy running around mcdonalds urgently telling kids future',NOT,0,0.36172402
'englishpashto though im pakhtoon english cute kid pashto da marra khasta bacha dey',NOT,0,0.5238668
'jpna vasay ahmed butt sohail sahab performance loved movie core st pmjg jpna humayun shaan fahad grace class pakistan cinema safe hands',NOT,0,0.2504486
'fuck',OFF,1,0.30105236
'keep going back well charlottesville realize good people bad people sides antifa caused quite bit violence damage people watching people statues removed',NOT,0,0.45143473
'cancers rising around world',NOT,0,0.42481673
'grown ass woman probably years older currently spreading rumors rather talking nice work got satan',OFF,1,0.56017274
'someone knows dress rocking shoes well',NOT,0,0.27133715
'antifa philly keystone united exposed part robert melissa gaus',NOT,0,0.17152497
'conservatives dont care postits propaganda',OFF,1,0.4028992
'idiots nothing beneath lol fools liberals maga kag',OFF,1,0.5564147
'mosadi discern season wise builder team player full fire full holy spirit thanks dr chantal inspiring event thank',NOT,0,0.44874868
'impeach maxine waters tide flows ways',NOT,0,0.30105236
'piperthepup sends love everyone might affected unwelcome hurricaneflorence week looking forward trying least crust gets delaware',NOT,0,0.14158776
'disarmthem antifa good luck sweethearts',NOT,0,0.19656119
'agjeffsessions listen aclu antifa black lives matter want chicago shootings ashallnotbeinfringed thank via',NOT,0,0.086201794
'democrats give vocal minority become socialists think think shock see confused partys official rhetoric odds hey see experience antifa thugs true violence',NOT,0,0.20472811
'kindest explanation tonedeaf hard feel kind ilk repeatedly',OFF,1,0.23586968
'amazonpets etta tricky photograph colouring beautiful knows charge first dibs treats shout attention whenever comes house kills wild rabbits hangs hutch',OFF,1,0.22375406
'germany happens try intimidate wrong guy maga',NOT,0,0.5498206
'sugardaddy retweet would like share memes talk dumb shit cuz baby im broke shit love rich',OFF,1,0.97131634
'sams sam resting adorable',NOT,0,0.30105236
'geoffreyowens niggas dont really understandlevels career pursuits',OFF,1,0.555501
'fridaynightfun halloween events starting week course find events looking forward year obviously isnt many',NOT,0,0.12768488
'death metal want death metal tell hateful keebler elf death metal',OFF,1,0.81544155
'saynotoshiasunnifight day judgment asked whether shia sunni asked deeds',NOT,0,0.13205856
'kavanaugh disciple anthony kennedy ed liberals w unconstitutional opinions hes trumps con con conservatives ing scotus moving right smart theyd everything get bk wont idiots tuesdaythoughts',OFF,1,0.29888317
'america tear wall tcot partisanship trump thewall borderwall liberty civilsociety think conservatives democrats progressives liberals independent libertarians gop dnc criticalthinking',OFF,1,0.48262814
'makes times pulled th time ive posted pull ill repost eric holder gun control',NOT,0,0.50023156
'iphone gulp tech reporter josh mcconnell breaks features price points apples new line',NOT,0,0.14337815
'dickhead probably yes',OFF,1,0.30006126
'trump maga elizabethsmart captors early release time mental hospital unfortunately nearly six years getting credit really bringing system much earlier',NOT,0,0.45615375
'spidermanps everything expected far gameplay fun suits gadgets pretty unique use feels like playin mixture batman arkham uncharted series spidey beats cant wait keep playing thx',NOT,0,0.39056295
'conservatives cannot ride one outvotered voteamericafirst votedemsout americafirst',NOT,0,0.29554397
'conservatives joinukip voteukip',NOT,0,0.28668228
'eeb battle id need backup lvl celeste omega',NOT,0,0.28324378
'conservatives dont value gender equality value way think things always quote bible support mens dominion women thats many republicans justifying kavanaughs rape year old normal male behavior',NOT,0,0.5832071
'worlds population live cities finding solutions help people move freely sustainably global priority electricscooters key role play climateaction airquality mobility read study',NOT,0,0.2787872
'beyond famous lalisa manoban',NOT,0,0.30105236
'sukhduasamajtheprayinghands saint dr msg insan renamed eunuchs society respectable name ie sukhdua samaj connected mainstream society providing equal opportunity education employment status third gender',NOT,0,0.65658945
'obvious quietly',NOT,0,0.30105236
'crtikal voice smef ass cheeks',OFF,1,0.826144
'jiyoonfact huge fan beyonce wants sing well sang boy predebut',NOT,0,0.31298086
'investment leadership preparation thx sharing yr infrastructurereportcard guidance maga watch rust away',NOT,0,0.34180418
'colorado boy arrested cuffed dragged school wait metoo allegations feminist classmates teens feminism parenting kids ccot maga homeschool',NOT,0,0.33906543
'greatestthingsaboutthes liberals loved',NOT,0,0.33658144
'cause everyone knows real leader falls van like sack potatoes',OFF,1,0.7421556
'marketingtips listbuilding im going show build private online traffic economy never short prospects sales',NOT,0,0.30958146
'boycottnike campaign must continue grow paying overseas staff hour okay staff exploiting poor womenmen world americans stand',OFF,1,0.6805335
'conservatives poison everything touch tories conservative labour labourparty libdems ukip snp gop uk america canada europe politics ukpolitics cdnpoli pnpcbc auspol polcan socialchange eupol uspoli',NOT,0,0.19148824
'preach badcompany dont know shooting star dont know',NOT,0,0.3951365
'somewhat know thats like best friends stopped talking gun control issue',NOT,0,0.50090796
'bb say lets flip gitls alliance jc tyler since thinks mastermind th ultimate blindside three girls final three kaycee win',NOT,0,0.31248388
'believe fat belly insulin resistant remedy without medicine fasting info',NOT,0,0.27634045
'nowplaying march antifa sickboy shake hands clenched fist',NOT,0,0.22778401
'conservatives dwp secret benefit deaths reviews investigations deaths double two years crimesofdwp via',NOT,0,0.1208253
'emmyawards let liberals pat back pushing socialism making millions pretending real hard working people tv shows',NOT,0,0.29143894
'duckduckgof google',NOT,0,0.30105236
'california pushing new gun control laws legal brief video via',NOT,0,0.08608479
'icymi reason fascists desperately trying find anti fascists tennessee dont want see including league south members organizing groups etc share widely',NOT,0,0.34383523
'art culture bojack horseman recap apology tour episodes bojack horseman taken social issues last seasons gun control episode stands shining example show always ability via',NOT,0,0.093847446
'watch kavanaugh shenanigans unfold dc im reminded one simple truth people dont care us allinclusive us dont care conservatives progressives people color otherwise christians women lgbtq none us thread',NOT,0,0.50573796
'charlottesvile speech trump shouldve given tcot cville conservatives charlottesvillekkk liberty gop',NOT,0,0.19690593
'conservatives left frustrated congress passes big spending bills tcot',NOT,0,0.33607122
'news jeff sessions want death listen aclu antifa black lives matter cnbc',OFF,1,0.44154418
'better',NOT,0,0.30105236
'happybdaypmmodi one may hate u agree hard working pm india ever witnessed',NOT,0,0.39856228
'robertpoeti wants explanation auditor general quebec conflicted amf investigation perhaps cant read cant follow trail evidence proves conflicted sad corruption nathaliegdrouin pennystocks',NOT,0,0.17375636
'rimmyantifa calling death bourgeoisie good man',NOT,0,0.6348745
'david miliband davidmiliband flew away newyork us liberals democrats flee corbynists hatred jews',OFF,1,0.6883748
'anyway game sucks',OFF,1,0.23206352
'take someones silence pride perhaps busy fighting self aliibnabitalib ra',NOT,0,0.37600106
'nintendo animalcrossing smashbrosultimate little late adorable love isabelle',NOT,0,0.22593004
'nowplaying kierra kiki sheard',NOT,0,0.30105236
'ibelieveblaseyford liar fat ugly libreal snowflake sold get cash dems iran spoke johnkerryiranmeeting',OFF,1,0.7394392
'charitytuesday join us take disabled women age votetory rtoday',NOT,0,0.30853483
'maga dems using false allegation kavanaugh sexual assault bargaining chip release classified docs president trump',NOT,0,0.80552965
'ive watching itshe team insight president thats sure',NOT,0,0.33635458
'nfl long',NOT,0,0.30105236
'lidcf believe julieanna godard leader work many digitally driven industries leader established network creatives team influencing promoting businesses many young entrepreneurs well',NOT,0,0.22339723
'art kag maga patriot alfa warior lion roaring wh super hero trump vote red viktorius warior ever defeating enemy win liars liberals politicians nwo congress us gov deep unity w djt gutsy gt intel ppl us',NOT,0,0.30289632
'conservatives represent canadians authoritarian scum cdnpoli onpoli',OFF,1,0.28668228
'fords attorney says shes receiving death threats move family safety wheres proof democrats antifa promote circus',OFF,1,0.7346222
'maga kag us becomes eus top supplier soybeans strengthening president trumps trade deal',NOT,0,0.43194672
'scottgimple ruined thewalkingdead feartwd hope checks cash forever never get another job amc',OFF,1,0.4323087
'pnp results yet pnp vice presidential race supporting damion crawford feel comfotable',NOT,0,0.15141681
'betoorourke continues attack pushes guncontrol',NOT,0,0.32603353
'another season tom brady give niggas',OFF,1,0.36110693
'wcw goes beautiful sexy without would lost brought dark light world love much',NOT,0,0.15652864
'weloveshawnbecause reason whole mendesarmy smile everyday seeing happy makes millions us happier',NOT,0,0.24062684
'giving antifa asked problem',NOT,0,0.18267749
'chequers chuckers reminder eeaefta norway ruled move ceta canada',NOT,0,0.3767647
'one favorite quotes internet confident bends maths thats hardcore',NOT,0,0.4009949
'biggest accomplishment school',NOT,0,0.30105236
'lifeisbutepu black say word nigga feel niggas',OFF,1,0.2413484
'emmys host michaelche says onlywhitepeople thankjesus award shows republicans excrackheads liberals one pope republican excrackheads emmyawards roasted mocking middle america ratings hit alltime low',NOT,0,0.7764597
'staffpick human rights crisis us accused failing protect citizens gun violence',NOT,0,0.47261578
'benjones assistant director republican party conservatives future capital punishment deathpenalty',NOT,0,0.38870487
'breaking christineblasey ford published eight studies abortion pill works company produces corcepttherapeutics inc cort ru liberals kavanaugh v cort roevwade kavanaughconfirmation',NOT,0,0.43907365
'austerity low pay tuitionfees lack housing wages falling universalcredit unaffordable rents nhs crisis crap railways empty shops brexit deal exit eu windrush grenfell short years completely fucked uk',OFF,1,0.7482596
'yehundinonkibaathai special corner people define simplicity real beauty long time among many actresses personifying true sense stunning naturally',NOT,0,0.20051037
'minutes instinct love alancummings instinct intriguing',NOT,0,0.19418988
'thosethataretheloudest afraid justice coming bono scam like clintonfoundation pedowood haiti',OFF,1,0.22373828
'look chicago baltimore examples strict gun control laws effective',NOT,0,0.39316148
'welovesergiobecause angel pure sweet loves supports us much love support mention dancing king irl love seg',NOT,0,0.16046181
'republican devinnunes says liberals antifa causing riots winning newsweek',NOT,0,0.24120617
'days bbc radio festival day decide tell us headline act isnt coming anymore thanks lot ive paid fortune see tonne acts shit interest',OFF,1,0.805831
'tytlive trump needs go danger country world way get rid good',OFF,1,0.45164937
'constitutionaldecay isnt abstraction manifests every debate words written fall short providing useful relevant framework root issues diverse gun control abortion data privacy healthcare instance',NOT,0,0.40210912
'davidhogg youre nobody',OFF,1,0.41578567
'sweetheart hope gets well soon patient strong mr capullo',NOT,0,0.16632432
'bbcbias wato conservatives built twice much council housing labour wrecked economy almost bankrupted country',NOT,0,0.13156237
'chicagos gun control effective eliminated crime completely',NOT,0,0.43369296
'follows',NOT,0,0.30105236
'room actually incredible noname shit always im seein like days melbourne life good nice day',NOT,0,0.5989712
'cnn irrationally argues legalising abortion ireland based murder infant liberals cant think savetheth thamendment thref ccot pjnet tcot bluewave conservatives teaparty lovethemboth dont repealtheth',NOT,0,0.19607837
'like still really miserable unpleasant us like even told werent happy would got divorced even born im like cool cool literally born hatred thats awesome wonder im fuckup',OFF,1,0.71060175
'rosierules fanclub rosie never fails matter go mom takes fan club starts follow mom pets talks think pretty cool wait til figure dad mints pockets',NOT,0,0.1677394
'awe cute cute',NOT,0,0.30105236
'vaginaldavis radical performer educator artist embraces life margins multiple identities intersex terrorist drag queen black creole mexican german jewish roots born los angeles ca sometime around',NOT,0,0.7298722
'literally everything',NOT,0,0.27577248
'ah called george',NOT,0,0.3295472
'myuniqueheritage separate family tree personalities havent made past mom yet',NOT,0,0.18229179
'wednesdaywisdom lovelibraries lovetoread share us reading wednesday',NOT,0,0.35665494
'desantisderacist bad choice distanced prezs comments today questioning deaths puerto rico hurricane maria whataputz',OFF,1,0.26667854
'google awesome',NOT,0,0.30105236
'kavanaugh professorchristineford started story said said become liberals vs conservatives',NOT,0,0.42484033
'groomhaircuts hmmn hm nutten nuh change weather lastlegwavecuts youthcuts straightrazors snip groom sbarbershop southorangevillage',NOT,0,0.26057786
'lost acca first fucking fight cba',OFF,1,0.8225462
'ill use one next time im gun control debate debate free speech taxes yes choose irresponsible choose argue responsible whats wrong dont justify murder saying never alive right',OFF,1,0.6026718
'hell think',OFF,1,0.22810687
'nasty',NOT,0,0.30105236
'liberalismisamentaldisorder hypocrites democratshateamerica democratsaredangerous everything liberals touch turns absolute shit',OFF,1,0.8857858
'wednesdaywisdom extreme weather road conditions make driving dangerous stressful please safe effected hurricaneflorerence safetyfirst',NOT,0,0.20663753
'veer left old church',NOT,0,0.46713784
'hurricanceflorence way praywithoutceasing',NOT,0,0.27401912
'antifa grueling training goes much better video game',NOT,0,0.21165778
'best price asmodee board game various',NOT,0,0.1415998
'nickidagoat',NOT,0,0.30105236
'good getting truth',NOT,0,0.20107932
'nowplaying interview monique rochon starring pulpit secrets september landis theater vineland listen thelounge',NOT,0,0.2483293
'nbakfreeagent looking rd member crew dont good records reason due random teammates hmu interested pure slasher pg pure sharp sg',NOT,0,0.2628324
'shugurrgiveaway craig wearing swag party hat thank shugurr inspiration helping realize love art youre best',NOT,0,0.25068253
'hollywood liberals threatening since reagan bush w bush trump none made move emptythreats michael moore says hell move canada new film leads trouble',NOT,0,0.26505175
'niggas podcasts youtube channels dedicated shit aint getting solved',OFF,1,0.86154103
'smexy beach long chair asleep cigarette wine hands openrp',NOT,0,0.23165154
'pandering hrc crowd blm antifa yeah thats really texas needs office god bless texas voterednov',NOT,0,0.7158183
'anytime randomly bust laughing remembered dumb shit albria said',OFF,1,0.95328844
'climatchange ticks conservatives hard belief system rain toadstools locusts problem much actual rain unbelievable good article full quotes words via',NOT,0,0.18197282
'like jewish people claims holding money sound familiar left wing libtard family family kkk hate jews thats funny gun control even funnier good luck',OFF,1,0.73726326
'maga read george conway calls donald trumps ceaseless shameless witless prevarication virtually topics via',NOT,0,0.081968576
'',NOT,0,0.109154664
'k bitches',OFF,1,0.30105236
'liberals always dirty tricks get way',OFF,1,0.5382229
'conservatives upset bertenernie gay sexualpredator hooker rapist supremecourtjustice',OFF,1,0.28668228
'antifa protest athens years murder pavlos fyssas golden dawn voters complicit crimes killahp',OFF,1,0.376157
'abused sit wait maybe change future going get ticket evaluating date writing account disabled instagram whole text comment field',NOT,0,0.28669435
'kavanaugh john fund kavanaugh ford controversy even honest liberals upset',NOT,0,0.6137693
'gun control takes guns law abiding citizens thats',NOT,0,0.7174679
'antifa resist trump trying bring world peace obstruct like democrats good also haters gonna hate',NOT,0,0.7198886
'advocate model natural beauty',NOT,0,0.30105236
'maga kavanaughconfirmationhearings postponing votes well lets open hush fund books',NOT,0,0.4010156
'ticktock formally charged mishandling sensitive material choice release proof guilty high treason united states selling patented military secrets saudi arabian government',NOT,0,0.3176852
'backtheblue jeff sessions listen aclu antifa black lives matter want chicago shootings via',NOT,0,0.1421663
'conservatives like old garbage bags blowing wind heres old garbage bag',OFF,1,0.54497355
'tipoftheday giving coffee gift part gift make sure ask airtight container valvesealed bag tinties cute wont preserve coffee past week join mailing list tips facts coffee news',NOT,0,0.17539023
'arizona tennessee alaska sc soon rinos aka liberals reelection vote draintheswamp',NOT,0,0.3724487
'affirmativeaction affirmativehate altleft wants law prof fired pointing poor performance unqualified admits tcot conservatives law lawyers lawdean lawprof upenn altleft highered aba highereducation academictwitter',NOT,0,0.30421934
'lisaxmichaelkors soo beautifull',NOT,0,0.30105236
'breaking official music video gtfo reached million views youtube still us itunes music video charts keep streaming lambs',NOT,0,0.33171132
'vijaymallyacase usually good credible anchor heard interpreting malliyas statement others said met talk settlement said maliya said leaving london please contact live tv',NOT,0,0.28215727
'aurora il kanecty please keep looking sharing sweetheart named rosey little white tan chihuahua terribly missed see call right away',NOT,0,0.47994018
'bakersfield need gun control sorry victims gunman hope rots hell',OFF,1,0.43126407
'believe im going teach ways create exclusive online traffic economy never short supply qualified prospects sales',NOT,0,0.34475628
'trump going visit victims hurricaneflorence antifa planning rally meantime party boats bros antifascist maga kag wwgwga greatawakening qanon qarmy florenceaftermath florencenc northcarolina',NOT,0,0.20690708
'denvers venues stacked epic shows fall put together fall music guide help pick shows going hit season check',NOT,0,0.67662805
'sundayfunday go check girl thecanncierge takes bomb photos drops hell lot cannabis knowledge canncierge im pot stock',NOT,0,0.37893045
'chan hunting antifa via',NOT,0,0.107472114
'honoursacrificeboycottmatch hope human rights rats r happyhope sidhu happy hope liberals r happy lets play cricket wth thm lets thank thm wht r soldiers lets celebrate impotence funny piddly little nation like pak taking us ride',OFF,1,0.23385668
'womenwednesday meet multipleawardwinning designer bfa indemand grad behind recent redesign lacava centre pictured classmates concordia cualumni',NOT,0,0.24612689
'confirmkavanaugh kavanaugh scotus potus presidenttrump americafirst magakag anti trump liberal activist accuser ford makes accusation willing subject b question suffer consequence filing false charge lockherup',OFF,1,0.66447383
'anal stimulation',NOT,0,0.30105236
'resist traitors caught video breaking laws communist socialism ways slow trump agenda dc chapter democrat socialists america forget antifa distraction real resistance maga',OFF,1,0.47262874
'nuevafotodeperfil pic awesome',NOT,0,0.30105236
'serenawilliams making start st set look like ancient history playing nowusopen',NOT,0,0.7651387
'wce love life best thing ever happened shes girlfriend shes also best friend know alot heart breaks baby wont break heart ps yes cropped rtruth',NOT,0,0.24182922
'celebrities bekah martinez pregnant bachelor star expecting first child boyfriend grayston bekah martinez whole new reality going mom bachelor contestant via',NOT,0,0.11056966
'greatawakening qanon patriotsunited wwgwga areyouawake awake see clearly check video',NOT,0,0.21888262
'florence looks like getting ready explode notice eye starting reappear',NOT,0,0.35202283
'alex jones smokin dicks mans really got supporters',NOT,0,0.39827058
'bbnaija told u child grace meant busy time famz anybody teamceec',NOT,0,0.60082215
'christineblaseyford grinding kavanaugh party almost yrs agoyou gotta love age ridiculous metoo movement swear kavanaugh already get liberals anxiety attack like',OFF,1,0.27401918
'choosecruz let ca ny liberals dontcamytexas',NOT,0,0.4108145
'celineswittins follback erzajullian openfolbackcelineswittins',NOT,0,0.30105236
'corybooker hero american traitor treated arrest prosecute carry sentence kavanaughconfirmation via',OFF,1,0.12572412
'conservatives thanks tory doctrinaire policies going back time losing hard one benefits prosperity go forward eu partners',NOT,0,0.22142027
'round goon bitch kiddin',OFF,1,0.81977105
'hurricaneflorence producing rain please safe',NOT,0,0.24133937
'scott gottlieb doesnt know whats opiod whats hes definitely expert anything however expert reading bank statements counting money',NOT,0,0.17458083
'angels runs five come courtesy mike trout homers trout connects pitch runners second third',NOT,0,0.18499947
'california leads way gun safety',NOT,0,0.2866632
'communistnewsnetworks rented lips never ever seen protesting demanding gun control streets chicago liberalshateamerica',NOT,0,0.38109848
'blow hard going push votes bad enough names always tappanzee bridge us nyrs say hope investigate going opened risk lives one knew wasnt ready',NOT,0,0.5365219
'patriotsunited patriotseffectingchange patriot maga trump trumpssuperelites thestorm greatawakeningworldwide qanon wwgwga law abiding citizens right defend fight fire fire antifa article shows us read',NOT,0,0.30271912
'sundayshoutouts amazing boundless support endless appreciation support return loop love respect',NOT,0,0.17353383
'morebs barrysoetorobullshit',OFF,1,0.30105236
'tytlive omg latino faith based woman think trump christian wow poster child immorality hating latinos',OFF,1,0.47596624
'stuff people say amazes get already gun control take look happens people arrested gun charges weekend chicago given slap wrist nra',NOT,0,0.3821943
'conservatives always revolting',NOT,0,0.21126306
'thats said vast majority us leftists support gun control inherently left wing policy many revolutionary socialists anarchists dont support aggressive gun control believe working class armed selfdefense',NOT,0,0.72806233
'democrats liberals accuse brettkavanaugh proof meanwhile supported tedkennedy run called lion senate killed woman wednesdaywisdom news trump',NOT,0,0.757159
'google fellow goggler must say election night one greatest nights life watching libs hillary supporters especially media still laughing alls pain tears brought great joy thankyou',NOT,0,0.23895305
'bestpotusever lovemypresident maga brilliant winning masternegotiator thank',NOT,0,0.2938018
'carrey pervert',OFF,1,0.30105236
'angeldad lawmakers really cared citizens would secure border via',NOT,0,0.22274123
'american tail really one underrated animations ever ever ever fuck cried scene',NOT,0,0.84996945
'nigga stupid trash dont play play bitch',OFF,1,0.9517717
'nooneaskme heres opinion offset keeping beef cardib know cardi slow believe everything says meal ticket think offset need sit ugly ass',OFF,1,0.7885309
'icymi liberals favorite myth obama law professor destroyed',OFF,1,0.58249545
'joyfulglitzyouniqueblessedmomlife',NOT,0,0.30105236
'haveyoursay live garston jane wants hear views location new community police station proposing open new accessible community base south liverpool nhs treatment centre church road think',NOT,0,0.12132742
'seek lord find call near isaiah god waiting come kingdom jesusiscalling give new life repentance forgiveness salvation sin satan europaafricaus pray trustgod believe',NOT,0,0.10704241
'repost getrepost happy th one prince harry duke sussex grounded compassionate guy taking mother im',NOT,0,0.17944452
'complete person ive ever met dont know happen pro football lot special things life want duke football player ands buts',NOT,0,0.13598576
'spending dont speed money saving atlest earn start today look income expenses find start cut back get save',NOT,0,0.2613294
'jenelle wants world know bikini oh pray nc',NOT,0,0.42455956
'demonstrate wholly incapable carrying thought logical conclusion',OFF,1,0.29095435
'uglyisthenewpretty dont let ppl tell look ultimate power projecting laughing projections others actor play life ride afraid',NOT,0,0.3936119
'maga cares farm reason commit murder end story',NOT,0,0.29330248
'go jeans ive wearing wranglers yrs ever since found levis contributed heavily gun control groups gun grabbing politicians back',NOT,0,0.23254508
'feelsgoodgirl proud amazing gambit',NOT,0,0.12305071
'guess thats swamp ass originated',NOT,0,0.8594692
'maga qanon greatawakening inners wwgwga nowcomesthepain walkaway goodbyedemocrats mccabe strzok caught destroying evidence final days fbi huber running grand jury',NOT,0,0.25133017
'conservatives arent afraid anitahill redux know power matters truth republicans arent worried kavanaugh hearing backfire facts almost dont matter news gop trump liars posttruth soctus',NOT,0,0.39881524
'brexit deal reached eu hold onto hats hardbrexit brexitdeal chequersdeal chuckchequers mbga mega mcga maga conservatives patriots mayout maymustgo',NOT,0,0.17898111
'reminder david harcourts classic everyone wants fuehrer history national socialism australia new zealand avail pdf antifa auspol fcknzs',NOT,0,0.16978484
'titty',NOT,0,0.30105236
'soc oc dom manapun plot foto hanya penanda faceclaim',NOT,0,0.30105236
'texas wake socialist mesmerizing weakminded state texas crying loud places embody american spirit individual freedom texas standard bearer make damn stand great senator savetexas',NOT,0,0.42349556
'pastramicity im sad hadnt found sky sooner music still amazing',NOT,0,0.27358577
'wcw zamalekzamomapholobashe first friend uni upto today still muntui love pholobs years strong',NOT,0,0.0667865
'proudfatherswithrtg way cnt waithope god mke hppn',NOT,0,0.41506466
'irrelevant didnt find weed would dug th grade picture wearing hoodie talk thug',NOT,0,0.16669267
'chequers dead dead time move supercanada offered take time face fact retire mrs may appoint new leader probably',NOT,0,0.28952414
'auspol flawed though many ways individuals labor pms always battled achieved lot nation recently apart gun control lnp actually done nation go make list',NOT,0,0.38314465
'pet fucking disgusting',OFF,1,0.8704898
'maga breaking news dnc stole playbook george costanza seinfeld least know dnc rule lie believe watch',NOT,0,0.46639934
'liberalhypocrisy tacobell liberals ask illegal immigration taco bell employee habla ingles',OFF,1,0.25926688
'years ago antifa rapper pavlos fyssas surrounded fascists golden dawn party keratsini athens stabbed death five years later forget forgive',NOT,0,0.4739305
'collegefootball dtol gallatin tn turned yrs old aug st average movement dog sec pac big big',NOT,0,0.53220946
'agree common ground dont like bushes particularly hw',NOT,0,0.48342997
'blackinkcrewchi lily dont hate youyou hate worst enemy cause let anger get way legit feel like shes one kids work job',OFF,1,0.74327105
'justiceforsoniasfather mr usman buzdar sb please respond sonia iqbal daughter pti counsellor okara whose father killed elections nawaz league killers saying commit suicide front media justice',OFF,1,0.22581041
'listen aclu antifa blacklivesmatter want chicago shootings via sessions',NOT,0,0.19950691
'ruth porat another coincidence good people people like shapping narrative censoring search results',NOT,0,0.5132621
'worst potus ever',OFF,1,0.2992915
'conservatives genetic ability understand hypocrisy irony right wing ideology gets ya twisted knots onpoli ontario partyofyesteryear fraudnation',OFF,1,0.29821002
'got angry stating checked drawer dont see making argument could still fault particular instance ohreally',NOT,0,0.3531379
'aldubthweeksary thankful keep fighting want tomorrow',NOT,0,0.24527901
'oitnb worst public defender trailing pen uner words',OFF,1,0.5750597
'trademark attorney daniela paull paris next week attending nd annual conference get touch also attending would like set meeting ip',NOT,0,0.28793827
'timetravelthursday maxdrivetimetravelthursday onairwithshine np home maxdrive w radioenchantress',NOT,0,0.34457257
'never regretted even hardest times',NOT,0,0.3814361
'theview bothamjean dont believe amyguyger lying pos live near police stationi hope pray cop doesnt bust house thinking hishers kills memy godwepeople color police preywere always police crosshairsno matter',OFF,1,0.52087456
'antifa september stop fascist nvu amsterdam',OFF,1,0.7406017
'becauseoftories lowest youth unemployment since records began',NOT,0,0.2737238
'thats nyfw cause class act getcho wack ass outta',OFF,1,0.8714541
'maga kavanaugh drainthedeepstate id like see interviewed book war laid lot happening today dc secret resistance society antifa white house meeting interesting hear yrs bk',NOT,0,0.22604746
'sandraoh dressed like queen tonight salute canadian goddess lets hope win killingeve emmyawards',NOT,0,0.24808238
'wwe considers raw bigger show ronda later ppv shows bigger nane',NOT,0,0.30380952
'greatestthingsaboutthes liberals werent unhinged',OFF,1,0.33658144
'stayonyourpath healthquote wishing loose fat get back wellbeing slow reverse aging process check super powerful natural method',NOT,0,0.30412656
'somethingisabouttohappen goes bottle floor water dripping snapped trying cool pissed something sure stay tuned',NOT,0,0.2797164
'fakenews like gloss today thanks christineblaseyford circus act confirmjudgekavanaughnow get back triggering liberals talking success',NOT,0,0.2616086
'capitalism may undermined displacement menial laborers ai conservatives therefore inoculate kneejerk reactionism notion living wage economics marxism marx robotics communism socialism socialismkills',NOT,0,0.2417595
'california tries new tack gun violence bullet control new york times activist',NOT,0,0.118208565
'eminem couldve gone harder didnt reason rapgod one best lyricist game lot people talk smack never',NOT,0,0.08374249
'conservatives mus pray liberals trooly kno knot watt brot socialist democrat wonderful ignorant parents served inda military learnd serve christ eye reel eyesed conservativism closely aligned w god',OFF,1,0.6536633
'deplorabledregofsociety says joe bidens girlfriend lol maga redtidalwave onward dregs',NOT,0,0.4563378
'disarmthem antifa please one stupid enough us open carry us carry concealed anyone stupid enough considered act aggression shot also carry one weapon shoot kill maim',OFF,1,0.8926492
'puerto rico destroyed die trump visits throws paper rolls people months later puerto rico still waiting help trump says everything fine visit great success',OFF,1,0.15074046
'beto orourke talks gun control houston campaign events via',NOT,0,0.15017857
'sick ass ppl school gave something chug nasty drink go away',OFF,1,0.7568004
'anyone want bet costs k election referendum',NOT,0,0.23278964
'conservatives going make hay trudeaus answer truth theres criminals everywhere people commit heinous acts violence whether theyre syria brownskin white canadian born tragic around',NOT,0,0.70594066
'reading feel like hearing cardi bs voice rapping',NOT,0,0.37732467
'conservatives dumberthandogshit central point tweet',OFF,1,0.2537079
'season scary er subject condemn antifa take soros money',NOT,0,0.15868767
'charlotte could see anywhere rainfall hurricaneflorence florencenc florence nothing mess around powerful lifethreatening major hurricane bringing lot',NOT,0,0.7191999
'rosie makes nauseous',OFF,1,0.29531276
'feminazis liberals metoo counts blame nonliberal man bizarro kag',OFF,1,0.3250407
'conservatives dont like liberals definition liberty different conservatives freedom means freedom obstruct impede prevent progress humanrights civilrights society general liberals freedom comes',NOT,0,0.59206694
'watch ielts liz amazing',NOT,0,0.30105236
'brexit deal reached unveiled special summit november sold uk eu better finished',OFF,1,0.24544226
'blackeyedpeas tackle gun control social justice new song big love',NOT,0,0.16520952
'google appears completely testosteronefree work environment soyboys fairyland hurricaneflorence',NOT,0,0.30482876
'wednesdaymotivation startup entrepreneur boss want salute startup entrepreneurs thing especially ones lack true insight tasks need done law',NOT,0,0.54317284
'crazyredhead angry orange cheeto claims president never accept denying lives lost puerto rico monster',OFF,1,0.73215866
'bull crap know doesnt care trying get attention presidential run see senator giving nonsense nope',NOT,0,0.5300348
'congratulations erika ikizake day marta pass courtesy marta campus services keep following us prizes staytuned thestateway gopanthers',NOT,0,0.2567042
'hurricanceflorence god bless president donald j trump thank service saint haters going hate keep great work',NOT,0,0.2879083
'europaleague song eu cash remaining chips pss youve played cards liberals us brexiteers trump takes nice eh lifell better everyone',OFF,1,0.2610579
'managed',NOT,0,0.30105236
'god help us',NOT,0,0.14398435
'hillary clinton talking gun control im sure thread full wellreasoned data driven responses oh well maybe',NOT,0,0.72402626
'democrat last ditch effort stop kavanaughconfirmation smear good name liberals trying protect abortions boycott',NOT,0,0.49116692
'phone fucking dumb',OFF,1,0.8704898
'kendalljenner looks amazing cares nude everyone likes nudity sexual desire like artistry every woman planet parts comfortable yougotthis',NOT,0,0.60832393
'scorpios sure committed partners keep satisfied bed set',NOT,0,0.38660643
'wisdom wellness teach right way build private online traffic economy never short prospects sales',NOT,0,0.21471758
'months standing talking climbing',NOT,0,0.49199745
'creepypornpresident want trending office',NOT,0,0.25417307
'howtogetpeopleoutofyourhome tell youre vampirethen threaten eat dont get asses shrugs problem',OFF,1,0.53242654
'fact lost popular vote fact gop gone way ignored democrats conclusion never spoke america gop gop trumpism maga livewithit',NOT,0,0.6269733
'im mexican way support gun control already place means people like dont ever touch gunwhat saying nothing',NOT,0,0.76922995
'kavanaugh moment blaseyford exposed fraud expect new accuser surface liberals one trick pony liberalismisamentaldisorder',OFF,1,0.16575181
'en taller bx',NOT,0,0.30105236
'hiac match becky vs charlotte kinda sucky far taking shots back forth stumbling around like drunk version final fantasy something',NOT,0,0.30511704
'gul bukhari gul bukhari bcoz iron lady power',NOT,0,0.28315735
'aparently computer doesnt want operate moment upload episodes individually sorry inconvenience',NOT,0,0.20870715
'christineblaseyford democrats condemn conservatives made minds time made minds condemn kavanaugh without question vote kavanaugh hearings',NOT,0,0.14652807
'see point school shootings extremely controversial bickering gun control vs gun rights nike controversy current one',NOT,0,0.22041978
'nunsprotest sad nobody supporting sisters mother superior christian communityis difficult stand victim whether nun ordinary victim',NOT,0,0.30841643
'pornhub thoughtful people taking suggestions category underserved communities',NOT,0,0.19833845
'agree read first paragraph struggled get past condescension lawyer educated opinion lawyers differing educated opinions',NOT,0,0.19711514
'bcog cool confident cocky kicks ass',OFF,1,0.783339
'proudfatherswithrtg bafethu love good yall look kids hope supportive moms im truly inspired best father im father ever become one',NOT,0,0.24198866
'p hussain message muslims entire humanity really great message entire world',NOT,0,0.38337535
'chequersplan absolute farce brexit conservatives idea may totally discredited time election forthemany',NOT,0,0.1425301
'oh fuck',OFF,1,0.78868186
'lifeisbutepu friends dont know using pics memes twitter',NOT,0,0.4909823
'thenunmovie scary thought would clearly critics dont think terrifyingly creepy like ties theconjuring series',NOT,0,0.37163818
'breakingnews trump issues statement christine blasey ford see visit bluewave bluetsunami maga democrats liberals scotus crypto',NOT,0,0.65370363
'liberalhypocrisy criminal democrat evidence ellison liberals hypocrites keith ellison domestic violence accuser says democratic party doesnt believe story',OFF,1,0.71503264
'wotd isaiah lord guide continually giving water dry restoring strength like wellwatered garden like everflowing',NOT,0,0.60255235
'greatawakening qanon resist impeachtrump mueller muellertime liberals likedretweeted post dont know exculpatory means lol testament lack interest details thanks guys',NOT,0,0.5942838
'trump id real good witness johndowd good witness mr president im afraid cant help day following remarks attorney dowd quit everybody',NOT,0,0.12901917
'repost getrepost motto pr car wherever aspire break entertainment industry start pr business need',NOT,0,0.3719058
'democratpartyofdomesticterrorists fascist antifa feminazi dont walkaway run',OFF,1,0.6193483
'im getting turnt holo keef regardless',NOT,0,0.27686846
'talks vyvx cloud connect offering secure reliable connectivity direct connect via',NOT,0,0.14439675
'auspol dont know still job seriously',OFF,1,0.3674283
'maga tell one good thing trump done president dare worst president history',OFF,1,0.70728165
'daysofcode day react redux montreal',NOT,0,0.16930124
'chequers violation democracy standupbrexit people must respected',NOT,0,0.34967726
'arsyoungjaeday happy birthday choi youngjae vocals god contagious laughter beautiful man could never feel sad whenever see img snippet video always brightens day last img saw',NOT,0,0.099514194
'tickets htafcs away match watfordfc go sale supporters priority points monday',NOT,0,0.3826134
'u put privileged nfl player ur ad th anniv sacrificed nothing still rich life tom burnett passenger doom flight told wife others sacrificed everything gave life save others everything',NOT,0,0.26486346
'confirmkavanugh stall tactics dc cronies recourse delays votered end madness maga',OFF,1,0.4165178
'beats hell nj lol dude already made assumption im antifa even ignored evidence make assumption',OFF,1,0.4678499
'stopetchecopar fuck que florezcan mil baby etchecopar',OFF,1,0.75152993
'antifa invaded memorial recognition kate steinle austin texas tried comfort looked like struggling returned southern district new york recused michael cohen raid trump full support moving',NOT,0,0.4056923
'laws law abiding citizens second amendment dont need gun control criminals dont care use guns end time figure stop using guns',NOT,0,0.7502466
'onairnow jon bellion rsidance',NOT,0,0.30105236
'immigration public charge rule law years us social safety net designed support us citizens finance foreigners lives us trump maga via',NOT,0,0.30420056
'florence list hurricane florence feeds trump maga central va closeup viewexcessive rainfall outlook today monday purple areas highest risk vawx ncwx nrv rke',NOT,0,0.20594507
'feckless encourage liberals democrats waste lot time expending energy trying convince trump voter dont need majority via',NOT,0,0.18596013
'antifa mentally unstable cowards pretending relevant',OFF,1,0.28394154
'emmys sanda ho asia america canadian description',NOT,0,0.3380452
'welovesergiobecause sweetest guy ever loves us much im happy fan',NOT,0,0.38022944
'im nc thursdays work nursing home hair around heard tvs alert afterwards tests tvs went lunch one radio strange keep saying unusual',NOT,0,0.23503302
'iam sleepy bot cuddles roguebot',NOT,0,0.30105236
'browning looked like dog shit fcs school whats point',OFF,1,0.914849
'wcw live coverage youtube videos textureontherunway official natural hair media company nyc emmy award winner fierce',NOT,0,0.20334053
'ctriders hope enjoying friday youre looking way enjoy nice weather weekend september readanewbookmonth nothing like reading new book patio nice cup coffee anyone ready anything interesting month',NOT,0,0.28525728
'wow safe sex thats hot love butch top also receives',NOT,0,0.420948
'antifa men get riled big anti trump rally playing theme song wonder woman movie repeat power rangers',NOT,0,0.7489928
'brettkavanaugh anyway matter replacement justice kennedy bigger one conservatives fortifying scotus majority decades come libs longer hiding desire directly attack bill rights',NOT,0,0.16949785
'two taste like ass',OFF,1,0.83544946
'teamthebeez please share pup nothing except owner died dumpeddie shelter grief owner terrified noisy shelter please nokillshelternation need lets find poor pup heroesanimals',NOT,0,0.41831774
'despicabledems lie rifles dem distorted law push guncontrol kavanaugh confirmation via',OFF,1,0.19650616
'meetthespeakers present event oiw finpact global impact financial technologies senior advisor group sustainable finance worked green energy climate risk join us meet thina oiw',NOT,0,0.12797102
'people unfollowed talking merlin sorry yall im still covinskys ass im waiting psisly sequel announcement ive run witty funny tweets tatbilb drained',OFF,1,0.519706
'wednesdaywisdom antifa calls right fascist reality left following scenario third reich indoctrination youth trying control minorities total lack understanding knowledge history walkaway',NOT,0,0.82249975
'kavanaugh typical liberals democrats',NOT,0,0.33658144
